id,manufacturer,classification,md5,part_number,type_no_space_upper_length_3,description_main_upper_length_3,type_first_letter_upper,description_main_length_2,bip_39_word_no_space_5,bip_39_word_space_2,bip_39_word_new_br_5,classification_length_1,size_length_2,md5_10,size_upper,bip_39_word_space_0,id_no_class,bip_39_word_new_br_2,name_no_type,classification_upper_length_4,manufacturer_upper,type_no_space_upper_length_6,description_main_capital,bip_39_word_new_br_12,id,bip_39_word_new_line_4,classification_no_space_upper_length_2,name_no_color,part_number_upper,size_length_5,bip_39_word_space_9,md5_5,description_main_length_6,color_name,manufacturer_name,classification_length_2,description_extra_capital,classification_length_3,md5_6_alpha,bip_39_word_no_space_12,name_no_class,color,bip_39_word_space_3,size_no_space_length_2,size_upper_length_3,bip_39_word_underscore_3,manufacturers,bip_39_word_dash_5,classification_first_letter,description_main_no_space_length_5,md5_10_upper,type_no_space_length_6,classification_upper_length_3,classification_length_5,manufacturer_first_letter_upper,size_length_3,md5_6_upper,classification_no_space_length_4,part_number_capital,bip_39_word_new_line_3,bip_39_word_no_space_6,bip_39_word_no_space_4,id_no_size,bip_39_word_space_11,bip_39_word_dash_12,classification_length_6,manufacturer_first_letter,color_first_letter,size_no_space_upper_length_4,id_no_type,bip_39_word_dash_3,bip_39_word_dash_4,markdown_full,type_no_space_upper_length_2,type_length_4,md5_6_alpha_upper,description_main_no_space_upper_length_4,type_upper_length_6,size,bip_39_word_new_br_10,bip_39_word_space_5,description_main_upper,type_no_space_upper_length_4,bip_39_word_space_4,bip_39_word_dash_6,description_main,classification_no_space_upper_length_6,size_no_space_upper_length_6,type_length_6,size_no_space_length_3,bip_39_word_dash_10,bip_39_word_underscore_1,classification_no_space_upper_length_1,name_no_size_short,size_first_letter_upper,bip_39_word_underscore_7,size_no_space_length_5,type_no_space_length_2,description_extra_first_letter,bip_39_word_space_8,bip_39_word_underscore_8,part_number_first_letter_upper,short_code,part_number_name,size_upper_length_1,github_link,bip_39_word_new_line_6,bip_39_word_space_6,size_no_space_length_6,classification_upper_length_2,bip_39_word_no_space_8,link_main,size_only_numbers,size_upper_length_4,type_upper_length_5,name_no_size,classification_upper,bip_39_word_underscore_6,oomp_key,type_length_3,bip_39_word_new_br_9,classification_no_space_length_2,description_or_color_upper,description_main_length_3,md5_6,oomp_word,size_no_space_upper_length_3,part_number_first_letter,description_only_numbers_short,size_upper_length_6,size_upper_length_2,classification_length_4,type_no_space_length_5,bip_39_word_new_br_7,bip_39_word_no_space_1,description_main_upper_length_1,type_length_5,type_no_space_length_4,bip_39_word_underscore_11,classification_first_letter_upper,bip_39_word_no_space_9,classification_no_space_length_6,size_only_numbers_no_zeros,size_upper_length_5,description_main_name,id_no_color,bip_39_word_no_space_3,classification_no_space_length_3,classification_no_space_upper_length_4,classification_upper_length_5,type_capital,bip_39_word_space_7,size_no_space_upper_length_1,bip_39_word_new_line_2,description_only_numbers,type_no_space_upper_length_1,description_main_first_letter_upper,description_main_no_space_length_2,description_extra_name,size_no_space_length_1,description_main_no_space_length_6,type_length_2,type_upper_length_2,type_upper_length_3,bip_39_word_dash_9,description_main_no_space_upper_length_2,bip_39_word_dash_1,name,size_name,type_length_1,description_main_length_5,description_main_upper_length_5,bip_39_word_no_space_11,classification_upper_length_1,bip_39_word_underscore_5,description_main_no_space_length_1,bip_39_word_new_line_5,bip_39_word_new_line_8,md5_5_upper,size_length_1,type_upper_length_1,classification_no_space_length_5,bip_39_word_new_br_4,bip_39_word_space_1,description_main_first_letter,type_upper_length_4,bip_39_word_underscore_9,color_upper,description_main_length_1,bip_39_word_underscore_2,bip_39_word_new_br_6,color_first_letter_upper,type_upper,bip_39_word_new_br_3,bip_39_word_no_space_10,bip_39_word_dash_11,classification_capital,description_extra_first_letter_upper,description_main_length_4,bip_39_word_new_br_8,description_main_upper_length_2,description_main_no_space_length_3,oomp_word_emoji,bip_39_word_dash_7,description_or_color,bip_39_word_space_10,size_no_space_upper_length_2,type_name,bip_39_word_new_br_11,bip_39_word_no_space_7,bip_39_word_new_line_9,bip_39_word_new_line_12,classification_upper_length_6,description_extra_upper,description_main_no_space_length_4,directory,size_no_space_length_4,manufacturer_capital,short_code_upper,bip_39_word_new_br_1,bip_39_word_underscore_4,bip_39_word_dash_8,description_main_upper_length_6,bip_39_word_underscore_12,type_no_space_length_3,description_main_no_space_upper_length_5,description_main_no_space_upper_length_3,type_no_space_length_1,distributors,bip_39_word_new_line_1,size_capital,description_extra,description_main_no_space_upper_length_1,color_capital,markdown_short,classification_name,bip_39_word_dash_2,bip_39_word_new_line_10,classification_no_space_upper_length_3,bip_39_word_new_line_7,description_main_no_space_upper_length_6,oomp_word_list,size_length_4,bip_39_word_new_line_11,short_name,size_length_6,size_no_space_upper_length_5,classification_no_space_upper_length_5,type_no_space_upper_length_5,size_first_letter,bip_39_word_space_12,bip_39_word_underscore_10,oomp_word_emoji_list,description_main_upper_length_4,type_first_letter,bip_39_word_no_space_2,type,classification_no_space_length_1
oobb_part_plate_20_14_03_nm_oobb_pl_a4,,oobb,1525bc373b0eaa0005ad754deecf82dd,,PAR,20_,P,20,forumdignitywashfeelfoot,forum dignity,forum<br>dignity<br>wash<br>feel<br>foot,o,pl,1525bc373b,PLATE,"['forum', 'dignity', 'wash', 'feel', 'foot', 'accident', 'exotic', 'attitude', 'trash', 'valid', 'name', 'access']",part_plate_20_14_03_nm_pl_a4,forum<br>dignity,Plate 20 14 03 Nm Pl A4,OOBB,,PART,20 14 03 Nm Oobb Pl A4,forum<br>dignity<br>wash<br>feel<br>foot<br>accident<br>exotic<br>attitude<br>trash<br>valid<br>name<br>access,oobb_part_plate_20_14_03_nm_oobb_pl_a4,"forum
dignity
wash
feel",OO,201403Nmpla4,,plate,forum dignity wash feel foot accident exotic attitude trash,1525b,20_14_,,,oo,,oob,tpdo,forumdignitywashfeelfootaccidentexoticattitudetrashvalidnameaccess,Part Plate 20 14 03 Nm Pl A4,,forum dignity wash,pl,PLA,forum_dignity_wash,[],forum-dignity-wash-feel-foot,o,20140,1525BC373B,part,OOB,oobb,,pla,1525BC,oobb,,"forum
dignity
wash",forumdignitywashfeelfootaccident,forumdignitywashfeel,20_14_03_nm_pl_a4,forum dignity wash feel foot accident exotic attitude trash valid name,forum-dignity-wash-feel-foot-accident-exotic-attitude-trash-valid-name-access,oobb,,,PLAT,plate_20_14_03_nm_pl_a4,forum-dignity-wash,forum-dignity-wash-feel,[oobb_part_plate_20_14_03_nm_oobb_pl_a4](https://github.com/oomlout/oomlout_oomp_current_version_messy/tree/main/parts/oobb_part_plate_20_14_03_nm_oobb_pl_a4)<br>[](https://github.com/oomlout/oomlout_oomp_current_version_messy/tree/main/parts/oobb_part_plate_20_14_03_nm_oobb_pl_a4)<br>[Oobb Part Plate 20 14 03 Nm Oobb Pl A4](https://github.com/oomlout/oomlout_oomp_current_version_messy/tree/main/parts/oobb_part_plate_20_14_03_nm_oobb_pl_a4)<br><br>,PA,part,TPDO,2014,PART,plate,forum<br>dignity<br>wash<br>feel<br>foot<br>accident<br>exotic<br>attitude<br>trash<br>valid,forum dignity wash feel foot,20_14_03_NM_OOBB_PL_A4,PART,forum dignity wash feel,forum-dignity-wash-feel-foot-accident,20_14_03_nm_oobb_pl_a4,OOBB,PLATE,part,pla,forum-dignity-wash-feel-foot-accident-exotic-attitude-trash-valid,forum,O,20 14 03 Nm Pl A4,P,forum_dignity_wash_feel_foot_accident_exotic,plate,pa,,forum dignity wash feel foot accident exotic attitude,forum_dignity_wash_feel_foot_accident_exotic_attitude,,,,P,https://github.com/oomlout/oomlout_oomp_part_src/tree/main/parts/oobb_part_plate_20_14_03_nm_oobb_pl_a4,"forum
dignity
wash
feel
foot
accident",forum dignity wash feel foot accident,plate,OO,forumdignitywashfeelfootaccidentexoticattitude,https://github.com/oomlout/oomlout_oomp_current_version_messy/tree/main/parts/oobb_part_plate_20_14_03_nm_oobb_pl_a4,,PLAT,PART,20 14 03 Nm Pl A4,OOBB,forum_dignity_wash_feel_foot_accident,oomp_oobb_part_plate_20_14_03_nm_oobb_pl_a4,par,forum<br>dignity<br>wash<br>feel<br>foot<br>accident<br>exotic<br>attitude<br>trash,oo,2M,20_,1525bc,poop ear sushi,PLA,,2M,PLATE,PL,oobb,part,forum<br>dignity<br>wash<br>feel<br>foot<br>accident<br>exotic,forum,2,part,part,forum_dignity_wash_feel_foot_accident_exotic_attitude_trash_valid_name,O,forumdignitywashfeelfootaccidentexoticattitudetrash,oobb,,PLATE,20 14 03 Nm Oobb Pl A4,201403nmpla4,forumdignitywash,oob,OOBB,OOBB,Part,forum dignity wash feel foot accident exotic,P,"forum
dignity",2014034,P,2,20,,p,201403,pa,PA,PAR,forum-dignity-wash-feel-foot-accident-exotic-attitude-trash,20,forum,Oobb Part Plate 20 14 03 Nm Oobb Pl A4,Plate,p,20_14,20_14,forumdignitywashfeelfootaccidentexoticattitudetrashvalidname,O,forum_dignity_wash_feel_foot,2,"forum
dignity
wash
feel
foot","forum
dignity
wash
feel
foot
accident
exotic
attitude",1525B,p,P,oobb,forum<br>dignity<br>wash<br>feel,forum,2,PART,forum_dignity_wash_feel_foot_accident_exotic_attitude_trash,,2,forum_dignity,forum<br>dignity<br>wash<br>feel<br>foot<br>accident,,PART,forum<br>dignity<br>wash,forumdignitywashfeelfootaccidentexoticattitudetrashvalid,forum-dignity-wash-feel-foot-accident-exotic-attitude-trash-valid-name,Oobb,,20_1,forum<br>dignity<br>wash<br>feel<br>foot<br>accident<br>exotic<br>attitude,20,201,:poop: :ear: :sushi:,forum-dignity-wash-feel-foot-accident-exotic,2M,forum dignity wash feel foot accident exotic attitude trash valid,PL,Part,forum<br>dignity<br>wash<br>feel<br>foot<br>accident<br>exotic<br>attitude<br>trash<br>valid<br>name,forumdignitywashfeelfootaccidentexotic,"forum
dignity
wash
feel
foot
accident
exotic
attitude
trash","forum
dignity
wash
feel
foot
accident
exotic
attitude
trash
valid
name
access",OOBB,,2014,parts/oobb_part_plate_20_14_03_nm_oobb_pl_a4,plat,,,forum,forum_dignity_wash_feel,forum-dignity-wash-feel-foot-accident-exotic-attitude,20_14_,forum_dignity_wash_feel_foot_accident_exotic_attitude_trash_valid_name_access,par,20140,201,p,[],forum,Plate,,2,,[oobb_part_plate_20_14_03_nm_oobb_pl_a4](https://github.com/oomlout/oomlout_oomp_current_version_messy/tree/main/parts/oobb_part_plate_20_14_03_nm_oobb_pl_a4)<br><br>,Oobb,forum-dignity,"forum
dignity
wash
feel
foot
accident
exotic
attitude
trash
valid",OOB,"forum
dignity
wash
feel
foot
accident
exotic",201403,"['poop', 'ear', 'sushi']",plat,"forum
dignity
wash
feel
foot
accident
exotic
attitude
trash
valid
name",,plate,PLATE,OOBB,PART,p,forum dignity wash feel foot accident exotic attitude trash valid name access,forum_dignity_wash_feel_foot_accident_exotic_attitude_trash_valid,"[':poop:', ':ear:', ':sushi:']",20_1,p,forumdignity,part,o
